{
  "readKey": "a7736560491823092245-967d184292e2a04172f6ee299d57310a2c5d9accd57f02e4caffa2502277667b",
  "download": {
    "files": [
      {
        "stop": false,
        "output": "src/assets/locales/${fileWithoutExt}/${file}",
        "conditions": "!endsWith: ${path}, '.xlsx'"
      }
    ],
    "includeSourceLang": true
  },
  "conversion": {
    "actions": {
      "type": "json",
      "output": "src/assets/locales/${fileWithoutExt}/${lang}.json"
    }
  },
  "transformations": [
    {
      "name": "lang_to_lowercase",
      "source": "${lang}",
      "operations": "lowerCase"
    }
  ]
}
