{
    "months": [
      { "label": "01", "name": "January" },
      { "label": "02", "name": "February" },
      { "label": "03", "name": "March" },
      { "label": "04", "name": "April" },
      { "label": "05", "name": "May"},
      { "label": "06", "name": "June" },
      { "label": "07", "name": "July" },
      { "label": "08", "name": "August" },
      { "label": "09", "name": "September" },
      { "label": "10", "name": "October" },
      { "label": "11", "name": "November" },
      { "label": "12", "name": "December" }
    ]
  }
  